{"cameraMode":{"drawMode":0,"name":"Shaded","section":"Shading Mode"},"sceneLighting":false,"audioPlay":false,"sceneViewState":{"m_AlwaysRefresh":false,"showFog":true,"showSkybox":false,"showFlares":true,"showImageEffects":true,"showParticleSystems":true,"showVisualEffectGraphs":true,"m_FxEnabled":true},"in2DMode":false,"pivot":{"x":-0.22386887669563294,"y":-5.21540641784668e-8,"z":0.004084840416908264},"rotation":{"x":0.003388599958270788,"y":0.7096364498138428,"z":-0.003413187339901924,"w":0.70455002784729},"size":0.3755800127983093,"orthographic":false}