{"cameraMode":{"drawMode":0,"name":"Shaded","section":"Shading Mode"},"sceneLighting":false,"audioPlay":false,"sceneViewState":{"m_AlwaysRefresh":false,"showFog":true,"showSkybox":false,"showFlares":true,"showImageEffects":true,"showParticleSystems":true,"showVisualEffectGraphs":true,"m_FxEnabled":true},"in2DMode":false,"pivot":{"x":-0.003352220170199871,"y":0.2827376127243042,"z":0.5330989360809326},"rotation":{"x":-0.03152039274573326,"y":0.9346888661384583,"z":-0.08576348423957825,"w":-0.3435245156288147},"size":0.26467543840408327,"orthographic":false}