{"cameraMode":{"drawMode":0,"name":"Shaded","section":"Shading Mode"},"sceneLighting":false,"audioPlay":false,"sceneViewState":{"m_AlwaysRefresh":false,"showFog":false,"showSkybox":false,"showFlares":false,"showImageEffects":false,"showParticleSystems":false,"showVisualEffectGraphs":true,"m_FxEnabled":true},"in2DMode":false,"pivot":{"x":-0.15696312487125398,"y":1.592406988143921,"z":0.9345299601554871},"rotation":{"x":-0.0025572748854756357,"y":-0.9952183961868286,"z":0.027185844257473947,"w":-0.09372083842754364},"size":1.3548076152801514,"orthographic":false}